{"cameraMode":{"drawMode":0,"name":"Shaded","section":"Shading Mode"},"sceneLighting":true,"audioPlay":false,"sceneViewState":{"m_AlwaysRefresh":false,"showFog":true,"showSkybox":true,"showFlares":true,"showImageEffects":true,"showParticleSystems":true,"showVisualEffectGraphs":true,"m_FxEnabled":false},"in2DMode":false,"pivot":{"x":3.6087656021118166,"y":-4.293962478637695,"z":0.051896095275878909},"rotation":{"x":0.12003789097070694,"y":-0.879117488861084,"z":0.3460441827774048,"w":0.30495405197143557},"size":11.739791870117188,"orthographic":false}